INSERT INTO bloque (dia, hora_fin, hora_inicio)
VALUES ('L', '16:00:00', '14:00:00'),
       ('M', '11:00:00', '09:30:00'),
       ('X', '14:30:00', '12:45:00'),
       ('J', '18:00:00', '16:30:00'),
       ('V', '12:00:00', '10:00:00'),
       ('S', '10:00:00', '08:00:00'),
       ('L', '15:00:00', '13:00:00'),
       ('M', '13:00:00', '11:30:00'),
       ('X', '16:30:00', '14:45:00'),
       ('J', '19:00:00', '17:30:00'),
       ('V', '11:00:00', '09:00:00'),
       ('S', '09:00:00', '07:00:00'),
       ('L', '14:00:00', '12:00:00'),
       ('M', '12:00:00', '10:30:00'),
       ('X', '15:30:00', '13:45:00'),
       ('J', '20:00:00', '18:30:00'),
       ('V', '10:00:00', '08:00:00'),
       ('S', '08:00:00', '06:00:00'),
       ('L', '13:00:00', '11:00:00'),
       ('M', '11:00:00', '09:30:00'),
       ('X', '14:30:00', '12:45:00'),
       ('J', '18:00:00', '16:30:00'),
       ('V', '12:00:00', '10:00:00'),
       ('S', '10:00:00', '08:00:00'),
       ('L', '16:00:00', '14:00:00'),
       ('M', '11:00:00', '09:30:00'),
       ('X', '14:30:00', '12:45:00'),
       ('J', '18:00:00', '16:30:00'),
       ('V', '12:00:00', '10:00:00'),
       ('S', '10:00:00', '08:00:00'),
       ('L', '16:00:00', '14:00:00'),
       ('M', '11:00:00', '09:30:00'),
       ('X', '14:30:00', '12:45:00'),
       ('J', '18:00:00', '16:30:00'),
       ('V', '12:00:00', '10:00:00'),
       ('S', '10:00:00', '08:00:00'),
       ('L', '16:00:00', '14:00:00'),
       ('M', '11:00:00', '09:30:00'),
       ('X', '14:30:00', '12:45:00'),
       ('J', '18:00:00', '16:30:00'),
       ('V', '12:00:00', '10:00:00'),
       ('S', '10:00:00', '08:00:00'),
       ('L', '16:00:00', '14:00:00'),
       ('M', '11:00:00', '09:30:00'),
       ('X', '14:30:00', '12:45:00'),
       ('J', '18:00:00', '16:30:00'),
       ('V', '12:00:00', '10:00:00'),
       ('S', '10:00:00', '08:00:00');


INSERT INTO usuario (es_estudiante, correo, password, nombre)
VALUES (true, 'juan_smith_123@NuevaEscuela.com', SHA2('clave9#', 256), 'Juan Smith'),
       (true, 'maria.jones!@NuevaEscuela.com', SHA2('password9*', 256), 'Maria Jones'),
       (true, 'luis_perez_22@NuevaEscuela.com', SHA2('clave10@', 256), 'Luis Perez'),
       (true, 'ana_gonz_223@NuevaEscuela.com', SHA2('password10&', 256), 'Ana Gonzalez'),
       (true, 'carlos#martinez@NuevaEscuela.com', SHA2('clave11$', 256), 'Carlos Martinez'),
       (true, 'sandra_ram_31233@NuevaEscuela.com', SHA2('password11%', 256), 'Sandra Ramirez'),
       (true, 'jorge123!@NuevaEscuela.com', SHA2('clave12^', 256), 'Jorge'),
       (true, 'monica.gonz_123@NuevaEscuela.com', SHA2('password12&', 256), 'Monica Gonzalez'),
       (true, 'lau.ra*b_199@NuevaEscuela.com', SHA2('clave13(', 256), 'Laura'),
       (false, 'alex_soto1990@NuevaEscuela.com', SHA2('password13)', 256), 'Alex Soto'),
       (true, 'daniela-marin_15@NuevaEscuela.com', SHA2('clave14_', 256), 'Daniela Marin'),
       (false, 'veronica_d_15@NuevaEscuela.com', SHA2('password14-', 256), 'Veronica'),
       (true, 'javieramtz@NuevaEscuela.com', SHA2('clave15=', 256), 'Javier'),
       (true, 'elisa_m_88@NuevaEscuela.com', SHA2('password15+', 256), 'Elisa'),
       (true, 'patricia!gz@NuevaEscuela.com', SHA2('clave16<', 256), 'Patricia'),
       (false, 'eduardogonz_77@NuevaEscuela.com', SHA2('password16>', 256), 'Eduardo Gonzalez'),
       (true, 'ana_smith_1@NuevaEscuela.com', SHA2('clave17[', 256), 'Ana Smith'),
       (false, 'carlos.jones@NuevaEscuela.com', SHA2('password17]', 256), 'Carlos Jones'),
       (true, 'luis_perez#22@NuevaEscuela.com', SHA2('clave18{', 256), 'Luis Perez'),
       (false, 'ana_gonza_22@NuevaEscuela.com', SHA2('password18}', 256), 'Ana Gonzalez'),
       (true, 'carlos_mtz@NuevaEscuela.com', SHA2('clave19?', 256), 'Carlos Martinez'),
       (false, 'sa.ndra_ram_33@NuevaEscuela.com', SHA2('password19/', 256), 'Sandra Ramirez'),
       (true, 'jorge123@NuevaEscuela.com', SHA2('clave20>', 256), 'Jorge'),
       (true, 'monica.gonz_113@NuevaEscuela.com', SHA2('password20<', 256), 'Monica Gonzalez'),
       (true, 'laura_b_1990@NuevaEscuela.com', SHA2('clave21|', 256), 'Laura'),
       (true, 'ale.x_soto1990@NuevaEscuela.com', SHA2('password21:', 256), 'Alex Soto'),
       (true, 'daniel_mar_15@NuevaEscuela.com', SHA2('clave22;', 256), 'Daniel Marin'),
       (false, 'veronicas_d_15@NuevaEscuela.com', SHA2('password22,', 256), 'Veronica'),
       (true, 'javier_mtz@NuevaEscuela.com', SHA2('clave23.', 256), 'Javier'),
       (true, 'elisas_m_88@NuevaEscuela.com', SHA2('password23@', 256), 'Elisa'),
       (true, 'patricia_gz@NuevaEscuela.com', SHA2('clave24#', 256), 'Patricia'),
       (true, 'eduardogz_77@NuevaEscuela.com', SHA2('password24*', 256), 'Eduardo Gonzalez'),
       (true, 'ana.smith.1@NuevaEscuela.com', SHA2('clave25!', 256), 'Ana Smith'),
       (true, 'carlos_jones@NuevaEscuela.com', SHA2('password25$', 256), 'Carlos Jones'),
       (true, 'luis.perez.22@NuevaEscuela.com', SHA2('clave26%', 256), 'Luis Perez'),
       (false, 'ana.gonz.20@NuevaEscuela.com', SHA2('password26^', 256), 'Ana Gonzalez'),
       (true, 'carlos#mtz@NuevaEscuela.com', SHA2('clave27&', 256), 'Carlos Martinez'),
       (false, 'sandra_ram_30-03@NuevaEscuela.com', SHA2('password27*', 256), 'Sandra Ramirez'),
       (true, 'jorge_123@NuevaEscuela.com', SHA2('clave28(', 256), 'Jorge'),
       (false, 'monica_gonz_123@NuevaEscuela.com', SHA2('password28)', 256), 'Monica Gonzalez'),
       (true, 'laura*b_1990@NuevaEscuela.com', SHA2('clave29_', 256), 'Laura'),
       (false, 'alex.soto1990@NuevaEscuela.com', SHA2('password29-', 256), 'Alex Soto'),
       (true, 'daniel-mar_15@NuevaEscuela.com', SHA2('clave30=', 256), 'Daniel Marin'),
       (false, 'veronica-d-15@NuevaEscuela.com', SHA2('password30+', 256), 'Veronica'),
       (true, 'javier@mtz@NuevaEscuela.com', SHA2('clave31<', 256), 'Javier'),
       (false, 'marlaura*b_1990@NuevaEscuela.com', SHA2('password31>', 256), 'Laura'),
       (true, 'patricia@!gz@NuevaEscuela.com', SHA2('clave32[', 256), 'Patricia'),
       (false, 'eduardo&gz_77@NuevaEscuela.com', SHA2('password32]', 256), 'Eduardo Gonzalez'),
       (true, 'ana_jhons_1@NuevaEscuela.com', SHA2('clave33{', 256), 'Ana Jhons'),
       (false, 'carlos_jones2@NuevaEscuela.com', SHA2('password33}', 256), 'Carlos Jones'),
       (true, 'juanr_0a@nuevaescuela.com', SHA2('clave1', 256), 'Juan'),
       (false, 'maria_01@nuevaescuela.com', SHA2('password1', 256), 'Maria'),
       (true, 'luisperezq2@nuevaescuela.com', SHA2('clave2', 256), 'Luis Perez'),
       (true, 'ana.gonz_a2@nuevaescuela.com', SHA2('password2', 256), 'Ana Gonzalez'),
       (true, 'carqlos.mtz@nuevaescuela.com', SHA2('clave3', 256), 'Carlos Martinez'),
       (true, 'sandr.aram_3@nuevaescuela.com', SHA2('password3', 256), 'Sandra Ramirez'),
       (true, 'jo.rgel_123@nuevaescuela.com', SHA2('clave4', 256), 'Jorge'),
       (true, 'monicagoz_123@nuevaescuela.com', SHA2('password4', 256), 'Monica Gonzalez'),
       (true, 'la.urab_1990@nuevaescuela.com', SHA2('clave5', 256), 'Laura'),
       (true, 'alexmej1990@nuevaescuela.com', SHA2('password5', 256), 'Alex Mej'),
       (true, 'danielarmar_15@nuevaescuela.com', SHA2('clave6', 256), 'Daniel Armar'),
       (true, 'veronicasdd_15@nuevaescuela.com', SHA2('password6', 256), 'Veronica'),
       (true, 'jav.ier_mtz@nuevaescuela.com', SHA2('clave7', 256), 'Javier'),
       (true, 'elisa_m._88@nuevaescuela.com', SHA2('password7', 256), 'Elisa'),
       (true, 'patrici.a_gz@nuevaescuela.com', SHA2('clave8', 256), 'Patricia'),
       (true, 'eduard.ogz_77@nuevaescuela.com', SHA2('password8', 256), 'Eduardo'),
       (false, 'admin', 'admin', 'Administrador');

INSERT INTO Administrador (id)
VALUES (67);


INSERT INTO docente (id)
VALUES (10),
       (12),
       (16),
       (18),
       (20),
       (22),
       (28),
       (36),
       (38),
       (40),
       (42),
       (44),
       (46),
       (48),
       (50),
       (52);



INSERT INTO estudiante(id)
VALUES (1),
       (2),
       (3),
       (4),
       (5),
       (6),
       (7),
       (8),
       (9),
       (11),
       (13),
       (14),
       (15),
       (17),
       (19),
       (21),
       (23),
       (24),
       (25),
       (26),
       (27),
       (29),
       (30),
       (31),
       (32),
       (33),
       (34),
       (35),
       (37),
       (39),
       (41),
       (43),
       (45),
       (47),
       (49),
       (51),
       (53),
       (54),
       (55),
       (56),
       (57),
       (58),
       (59),
       (60),
       (61),
       (62),
       (63),
       (64),
       (65),
       (66);


INSERT INTO tema (nombre, descripcion)
VALUES ('Álgebra', 'Estudio de las estructuras algebraicas'),
       ('Geometría', 'Propiedades de las figuras y sus transformaciones'),
       ('Biología Celular', 'Organización y funcionamiento de las células'),
       ('Historia Antigua', 'Civilizaciones y su legado en la antigüedad'),
       ('Arte Renacentista', 'Expresiones artísticas del Renacimiento'),
       ('Programación Java', 'Lenguaje de programación orientado a objetos'),
       ('Estadística', 'Análisis de datos y probabilidad'),
       ('Biología Marina', 'Ecosistemas acuáticos y sus seres vivos'),
       ('Edad Media', 'Período histórico entre la Antigüedad y el Renacimiento'),
       ('Arte Contemporáneo', 'Movimientos y corrientes artísticas actuales'),
       ('Desarrollo Web', 'Construcción de aplicaciones para internet'),
       ('Física Cuántica', 'Estudio de la física a nivel atómico y subatómico'),
       ('Ecología', 'Relaciones entre los seres vivos y su entorno'),
       ('Imperio Romano', 'Historia y legado del antiguo Imperio Romano'),
       ('Pintura Clásica', 'Obras artísticas de la época clásica'),
       ('Álgebra Lineal', 'Vectores, matrices y sus aplicaciones'),
       ('Trigonometría', 'Relaciones angulares en triángulos'),
       ('Botánica', 'Estudio de las plantas y sus características'),
       ('Historia del Arte', 'Evolución de las expresiones artísticas'),
       ('Ingeniería de Software', 'Procesos y metodologías de desarrollo de software'),
       ('Geografía', 'Estudio de la superficie terrestre'),
       ('Genética', 'Herencia y variabilidad genética'),
       ('Egiptología', 'Civilización del antiguo Egipto y sus vestigios'),
       ('Escultura', 'Técnicas y obras escultóricas'),
       ('Cálculo Diferencial', 'Estudio de límites, derivadas e integrales'),
       ('Zoología', 'Estudio de los animales'),
       ('Edad Contemporánea', 'Época desde la Revolución Francesa'),
       ('Diseño Gráfico', 'Comunicación visual y diseño de proyectos'),
       ('Bioquímica', 'Estudio de las reacciones químicas en seres vivos'),
       ('Historia del Cine', 'Evolución de la cinematografía'),
       ('Robótica', 'Diseño y construcción de robots'),
       ('Álgebra Abstracta', 'Estructuras algebraicas avanzadas'),
       ('Paleontología', 'Estudio de los seres vivos del pasado'),
       ('Filosofía', 'Reflexión sobre la existencia y la realidad'),
       ('Arquitectura', 'Diseño y construcción de edificaciones'),
       ('Álgebra Lineal Avanzada', 'Espacios vectoriales y transformaciones lineales'),
       ('Neurociencia', 'Estudio del sistema nervioso'),
       ('Edad Media en Europa', 'Sociedad y cultura medieval'),
       ('Arte Moderno', 'Movimientos artísticos desde el siglo XIX'),
       ('Ciencias de la Computación', 'Teoría y práctica de la computación'),
       ('Química Orgánica', 'Compuestos del carbono y su estructura'),
       ('Historia del Renacimiento', 'Periodo cultural entre la Edad Media y la Moderna'),
       ('Música', 'Teoría, historia y composición musical'),
       ('Economía', 'Estudio de la producción y distribución de bienes y servicios'),
       ('Anatomía', 'Estructura de los seres vivos'),
       ('Literatura Universal', 'Obras literarias y sus movimientos'),
       ('Ingeniería Civil', 'Diseño y construcción de infraestructuras'),
       ('Cibernética', 'Relación entre seres humanos y máquinas'),
       ('Álgebra Multilineal', 'Tensores y sus aplicaciones'),
       ('Medicina', 'Diagnóstico y tratamiento de enfermedades'),
       ('Historia del Arte Contemporáneo', 'Expresiones artísticas recientes'),
       ('Física Moderna', 'Teoría de la relatividad y física cuántica'),
       ('Psicología', 'Estudio de la mente y el comportamiento'),
       ('Ingeniería Eléctrica', 'Estudio de la electricidad y su aplicación'),
       ('Biología Molecular', 'Estudio de los procesos biológicos a nivel molecular'),
       ('Historia del Siglo XX', 'Acontecimientos y evolución en el siglo pasado'),
       ('Danza', 'Expresión artística a través del movimiento'),
       ('Medio Ambiente', 'Relación entre los seres vivos y su entorno'),
       ('Ingeniería Aeroespacial', 'Diseño y fabricación de aeronaves y naves espaciales'),
       ('Álgebra Universal', 'Teoría de estructuras algebraicas'),
       ('Arqueología', 'Estudio de las civilizaciones antiguas a través de sus restos'),
       ('Filosofía Antigua', 'Pensamiento filosófico en la antigüedad'),
       ('Arte Oriental', 'Expresiones artísticas de Asia y Oriente'),
       ('Bioinformática', 'Aplicación de la informática en biología'),
       ('Historia del Arte Antiguo', 'Expresiones artísticas de civilizaciones antiguas'),
       ('Ingeniería Mecánica', 'Diseño y fabricación de maquinaria'),
       ('Fotografía', 'Técnicas y expresiones artísticas a través de la fotografía'),
       ('Matemáticas Aplicadas', 'Aplicación de la matemática en diversos campos'),
       ('Bioética', 'Reflexión ética en ciencias biológicas'),
       ('Historia del Siglo XXI', 'Acontecimientos y evolución actual'),
       ('Teatro', 'Expresión artística a través de la actuación'),
       ('Sociología', 'Estudio de la sociedad y sus interacciones'),
       ('Ingeniería Química', 'Diseño de procesos y productos químicos'),
       ('Análisis Numérico', 'Métodos computacionales en matemáticas'),
       ('Biología del Desarrollo', 'Estudio del crecimiento y desarrollo de los seres vivos'),
       ('Historia del Arte Moderno', 'Expresiones artísticas desde el siglo XIX hasta la actualidad'),
       ('Ingeniería Biomédica', 'Aplicación de la ingeniería en la medicina'),
       ('Geología', 'Estudio de la Tierra y sus materiales'),
       ('Teoría de Números', 'Propiedades y relaciones de los números enteros'),
       ('Biofísica', 'Interacciones físicas en sistemas biológicos'),
       ('Historia del Arte Clásico', 'Expresiones artísticas de la Grecia y Roma antiguas'),
       ('Ingeniería Industrial', 'Optimización y gestión de sistemas complejos'),
       ('Diseño de Videojuegos', 'Elaboración de videojuegos y su jugabilidad'),
       ('Etnobotánica', 'Relación entre pueblos indígenas y las plantas'),
       ('Historia del Arte Prehistórico', 'Expresiones artísticas en la prehistoria'),
       ('Optimización', 'Métodos para obtener el mejor resultado en un proceso'),
       ('Bioingeniería', 'Aplicación de la ingeniería en biología'),
       ('Virología', 'Estudio de los virus y su comportamiento'),
       ('Historia del Arte Medieval', 'Expresiones artísticas durante la Edad Media'),
       ('Ingeniería del Agua', 'Gestión de los recursos hídricos'),
       ('Diseño Industrial', 'Desarrollo y fabricación de productos de consumo'),
       ('Etnografía', 'Descripción de las culturas y sus costumbres'),
       ('Historia del Arte Renacentista', 'Expresiones artísticas del Renacimiento'),
       ('Física Clásica', 'Estudio de la mecánica y termodinámica'),
       ('Arquitectura Sostenible', 'Construcciones respetuosas con el medio ambiente'),
       ('Diseño de Moda', 'Creación y confección de indumentaria'),
       ('Etnoeducación', 'Enfoque educativo respetuoso con la diversidad cultural'),
       ('Historia del Arte Barroco', 'Expresiones artísticas del período Barroco'),
       ('Economía Sostenible', 'Sistemas económicos respetuosos con el medio ambiente'),
       ('Biología del Comportamiento', 'Estudio de la conducta animal'),
       ('Ingeniería Agrícola', 'Aplicación de la ingeniería en la agricultura'),
       ('Paleoantropología', 'Estudio de los antepasados humanos'),
       ('Historia del Arte Gótico', 'Expresiones artísticas del período Gótico');



INSERT INTO curso (nombre, syllabus)
VALUES ('Curso de Matemáticas Básicas',
        'Este curso cubre conceptos fundamentales de matemáticas como álgebra, geometría y cálculo.'),
       ('Curso de Matemáticas Básicas',
        'En este curso se abordan temas clave de matemáticas como álgebra y geometría.'),
       ('Curso de Matemáticas Básicas', 'Introducción a conceptos matemáticos básicos como álgebra y cálculo.'),
       ('Biología Avanzada', 'Curso avanzado que explora los principios de la biología molecular.'),
       ('Biología Avanzada', 'Exploración de la genética y la microbiología en este curso de biología avanzada.'),
       ('Biología Avanzada', 'Estudio en profundidad de la biología celular y sus procesos.'),
       ('Historia del Mundo Antiguo', 'Estudio detallado de la historia de las civilizaciones antiguas.'),
       ('Historia del Mundo Antiguo', 'Curso que abarca la historia de la antigua civilización egipcia.'),
       ('Historia del Mundo Antiguo', 'Análisis de la historia de la civilización griega en profundidad.'),
       ('Historia del Mundo Antiguo', 'Estudio de la historia de la civilización romana y su legado.'),
       ('Programación Web', 'Aprende a desarrollar aplicaciones web con este curso de programación.'),
       ('Programación Web', 'Desarrollo de sitios web y aplicaciones interactivas.'),
       ('Programación Web', 'Exploración de tecnologías web y creación de aplicaciones.'),
       ('Curso de Física', 'Introducción a los principios fundamentales de la física.'),
       ('Curso de Física', 'Exploración de conceptos clave en mecánica y termodinámica.'),
       ('Curso de Física', 'Estudio de la física a nivel atómico y subatómico.'),
       ('Literatura Clásica', 'Exploración de las obras literarias más destacadas de la historia.'),
       ('Literatura Clásica', 'Estudio de obras literarias clásicas y sus contextos.'),
       ('Literatura Clásica', 'Análisis de movimientos y autores destacados en la literatura.'),
       ('Introducción a la Economía', 'Curso introductorio para entender los principios económicos.'),
       ('Introducción a la Economía', 'Exploración de conceptos clave de la teoría económica.'),
       ('Introducción a la Economía', 'Fundamentos para comprender la economía global.'),
       ('Curso de Psicología', 'Introducción a los conceptos básicos de la psicología.'),
       ('Curso de Psicología', 'Exploración de la mente y el comportamiento humano.'),
       ('Curso de Psicología', 'Estudio de la psicología aplicada en diferentes entornos.'),
       ('Química Orgánica', 'Estudio de los compuestos del carbono y su estructura.'),
       ('Química Orgánica', 'Exploración de la química de los compuestos orgánicos.'),
       ('Química Orgánica', 'Conocimiento detallado sobre los enlaces y reacciones en química.'),
       ('Diseño Gráfico', 'Introducción al diseño visual y creación de proyectos.'),
       ('Diseño Gráfico', 'Exploración de conceptos de diseño y comunicación visual.'),
       ('Diseño Gráfico', 'Creación de proyectos de diseño a nivel profesional.'),
       ('Curso de Estadística', 'Introducción a los conceptos fundamentales de la estadística.'),
       ('Curso de Estadística', 'Exploración de análisis de datos y probabilidad.'),
       ('Curso de Estadística', 'Estudio de la aplicación de la estadística en diferentes áreas.'),
       ('Curso de Lingüística', 'Introducción a los conceptos básicos de la lingüística.'),
       ('Curso de Lingüística', 'Exploración de la estructura y evolución de los idiomas.'),
       ('Curso de Lingüística', 'Estudio de la lingüística aplicada en diversos contextos.'),
       ('Geografía Mundial', 'Estudio de la superficie terrestre y sus fenómenos.'),
       ('Geografía Mundial', 'Exploración de regiones y geografía humana.'),
       ('Geografía Mundial', 'Análisis de sistemas geográficos y su impacto en el mundo.'),
       ('Curso de Astronomía', 'Introducción a los principios fundamentales de la astronomía.'),
       ('Curso de Astronomía', 'Exploración del universo y sistemas planetarios.'),
       ('Curso de Astronomía', 'Estudio de fenómenos celestes y la exploración espacial.'),
       ('Curso de Filosofía', 'Introducción a la reflexión filosófica y la realidad.'),
       ('Curso de Filosofía', 'Exploración de teorías y pensadores destacados.'),
       ('Curso de Filosofía', 'Estudio de filosofía aplicada en diferentes ámbitos.'),
       ('Introducción a la Música', 'Exploración de la teoría y evolución musical.'),
       ('Introducción a la Música', 'Estudio de géneros, compositores y periodos musicales.'),
       ('Introducción a la Música', 'Creación y análisis de obras musicales destacadas.'),
       ('Curso de Derecho', 'Introducción a los fundamentos legales y jurídicos.'),
       ('Curso de Derecho', 'Exploración de áreas clave del sistema jurídico.'),
       ('Curso de Derecho', 'Estudio de casos y principios legales aplicados.'),
       ('Curso de Literatura Moderna', 'Estudio de movimientos literarios modernos.'),
       ('Curso de Literatura Moderna', 'Exploración de autores y obras literarias contemporáneas.'),
       ('Curso de Literatura Moderna', 'Análisis de la literatura en la era moderna.'),
       ('Curso de Ciencias Políticas', 'Introducción a los principios y sistemas políticos.'),
       ('Curso de Ciencias Políticas', 'Estudio de gobiernos, políticas y sistemas de gobernanza.'),
       ('Curso de Ciencias Políticas', 'Análisis de teorías políticas y la sociedad.'),
       ('Curso de Educación Física', 'Introducción a la importancia del ejercicio físico.'),
       ('Curso de Educación Física', 'Exploración de métodos y prácticas para mantenerse en forma.'),
       ('Curso de Educación Física', 'Análisis de la salud y el bienestar a través del ejercicio.'),
       ('Curso de Antropología', 'Estudio de la sociedad y la cultura a lo largo de la historia.'),
       ('Curso de Antropología', 'Exploración de las costumbres y las relaciones sociales.'),
       ('Curso de Antropología', 'Análisis de culturas y sus diferencias.'),
       ('Curso de Marketing', 'Introducción a los fundamentos del marketing y publicidad.'),
       ('Curso de Marketing', 'Exploración de estrategias y técnicas de marketing.'),
       ('Curso de Marketing', 'Estudio de marketing digital y análisis de mercado.'),
       ('Curso de Agricultura', 'Introducción a las técnicas y métodos agrícolas.'),
       ('Curso de Agricultura', 'Exploración de cultivos, manejo de suelos y ganadería.'),
       ('Curso de Agricultura', 'Análisis de sistemas agrícolas sostenibles.'),
       ('Curso de Fotografía', 'Estudio de la composición y técnicas fotográficas.'),
       ('Curso de Fotografía', 'Exploración de estilos y géneros fotográficos.'),
       ('Curso de Fotografía', 'Creación de proyectos fotográficos.'),
       ('Curso de Nutrición', 'Introducción a la nutrición y alimentación.'),
       ('Curso de Nutrición', 'Exploración de la dieta y sus efectos en la salud.'),
       ('Curso de Nutrición', 'Análisis de la nutrición y su relación con la prevención de enfermedades.'),
       ('Curso de Ingeniería Ambiental', 'Estudio de la gestión ambiental y sostenibilidad.'),
       ('Curso de Ingeniería Ambiental', 'Exploración de sistemas de energía y desarrollo sostenible.'),
       ('Curso de Ingeniería Ambiental', 'Análisis de impacto ambiental y políticas de conservación.'),
       ('Curso de Historia del Arte Oriental', 'Estudio de las expresiones artísticas de Asia y Oriente.'),
       ('Curso de Historia del Arte Oriental', 'Exploración de movimientos y corrientes artísticas orientales.'),
       ('Curso de Historia del Arte Oriental', 'Análisis del arte y la cultura en Asia.'),
       ('Curso de Zoología', 'Introducción al estudio de los animales.'),
       ('Curso de Zoología', 'Exploración de la diversidad y el comportamiento animal.'),
       ('Curso de Zoología', 'Análisis de los ecosistemas y la biodiversidad.'),
       ('Curso de Astronomía Avanzada', 'Estudio avanzado de fenómenos astronómicos.'),
       ('Curso de Astronomía Avanzada', 'Exploración de sistemas estelares y la física del cosmos.'),
       ('Curso de Astronomía Avanzada', 'Análisis de astrobiología y la búsqueda de vida en el universo.'),
       ('Curso de Ingeniería de Software', 'Introducción a los procesos de desarrollo de software.'),
       ('Curso de Ingeniería de Software', 'Exploración de lenguajes y herramientas para desarrollo.'),
       ('Curso de Ingeniería de Software', 'Análisis de metodologías ágiles y desarrollo de aplicaciones.'),
       ('Curso de Biología Molecular', 'Estudio avanzado de la biología a nivel molecular.'),
       ('Curso de Biología Molecular', 'Exploración de la genética y los procesos moleculares.'),
       ('Curso de Biología Molecular', 'Análisis de la biotecnología y sus aplicaciones.'),
       ('Curso de Lingüística Aplicada', 'Introducción a la lingüística en contextos prácticos.'),
       ('Curso de Lingüística Aplicada', 'Exploración de la comunicación y lenguaje en entornos aplicados.'),
       ('Curso de Lingüística Aplicada', 'Análisis de la lingüística en educación y traducción.'),
       ('Curso de Arte Contemporáneo', 'Estudio de movimientos y expresiones artísticas modernas.'),
       ('Curso de Arte Contemporáneo', 'Exploración de obras de arte y artistas contemporáneos.'),
       ('Curso de Arte Contemporáneo', 'Análisis de corrientes y tendencias artísticas actuales.');

INSERT INTO curso_temas (curso_id, temas_id)
VALUES
    -- Curso de Matemáticas Básicas
    (1, 1),
    (1, 2),
    (1, 14),
    (1, 16),
    (1, 29),
    (1, 34),
    (1, 43),
    -- Biología Avanzada
    (2, 3),
    (2, 8),
    (2, 28),
    (2, 31),
    -- Historia del Mundo Antiguo
    (3, 4),
    (3, 13),
    (3, 22),
    (3, 37),
    -- Programación Web
    (4, 6),
    (4, 11),
    (4, 18),
    -- Curso de Física
    (5, 12),
    (5, 33),
    (5, 58),
    (5, 66),
    -- Literatura Clásica
    (6, 5),
    (6, 15),
    (6, 47),
    -- Introducción a la Economía
    (7, 32),
    (7, 49),
    (7, 63),
    -- Curso de Psicología
    (8, 50),
    (8, 55),
    (8, 72),
    -- Química Orgánica
    (9, 30),
    (9, 42),
    (9, 68),
    -- Diseño Gráfico
    (10, 31),
    (10, 35),
    (10, 69),
    -- Curso de Estadística
    (11, 7),
    (11, 19),
    (11, 61),
    -- Curso de Lingüística
    (12, 20),
    (12, 36),
    (12, 60),
    -- Geografía Mundial
    (13, 21),
    (13, 38),
    (13, 57),
    -- Curso de Astronomía
    (14, 30),
    (14, 40),
    (14, 56),
    -- Curso de Filosofía
    (15, 34),
    (15, 46),
    (15, 73),
    -- Introducción a la Música
    (16, 5),
    (16, 29),
    (16, 52),
    -- Curso de Derecho
    (17, 26),
    (17, 27),
    (17, 62),
    -- Curso de Literatura Moderna
    (18, 48),
    (18, 65),
    (18, 74),
    -- Curso de Ciencias Políticas
    (19, 23),
    (19, 51),
    (19, 75),
    -- Curso de Educación Física
    (20, 39),
    (20, 71),
    (20, 76),
    -- Curso de Antropología
    (21, 24),
    (21, 44),
    (21, 70),
    -- Curso de Marketing
    (22, 50),
    (22, 59),
    (22, 64),
    -- Curso de Agricultura
    (23, 9),
    (23, 45),
    (23, 67),
    -- Curso de Fotografía
    (24, 53),
    (24, 77),
    (24, 80),
    -- Curso de Nutrición
    (25, 51),
    (25, 78),
    (25, 81),
    -- Curso de Ingeniería Ambiental
    (26, 54),
    (26, 82),
    (26, 87),
    -- Curso de Historia del Arte Oriental
    (27, 5),
    (27, 42),
    (27, 50),
    -- Curso de Zoología
    (28, 3),
    (28, 59),
    (28, 83),
    -- Curso de Astronomía Avanzada
    (29, 40),
    (29, 53),
    (29, 86),
    -- Curso de Ingeniería de Software
    (30, 10),
    (30, 26),
    (30, 88),
    -- Curso de Biología Molecular
    (31, 3),
    (31, 50),
    (31, 89),
    -- Curso de Lingüística Aplicada
    (32, 20),
    (32, 36),
    (32, 90),
    -- Curso de Arte Contemporáneo
    (33, 5),
    (33, 34),
    (33, 91),
    -- Curso de Historia del Arte Oriental
    (34, 4),
    (34, 45),
    (34, 92),
    -- Curso de Zoología
    (35, 28),
    (35, 64),
    (35, 93),
    -- Curso de Astronomía Avanzada
    (36, 40),
    (36, 53),
    (36, 94),
    -- Curso de Ingeniería de Software
    (37, 2),
    (37, 10),
    (37, 95),
    -- Curso de Biología Molecular
    (38, 3),
    (38, 31),
    (38, 96),
    -- Curso de Lingüística Aplicada
    (39, 20),
    (39, 36),
    (39, 97),
    -- Curso de Arte Contemporáneo
    (40, 5),
    (40, 34),
    (40, 98),
    -- Curso de Historia del Arte Oriental
    (41, 4),
    (41, 45),
    (41, 99),
    -- Curso de Zoología
    (42, 3),
    (42, 59),
    (42, 100);


INSERT INTO pregunta(es_publica, docente_id, tiempo_max, enunciado)
VALUES

       (true, 10, 60, '¿Cuál es el resultado de la siguiente operación: 2 + 2?'),
       (true, 10, 60, '¿Cuál es el resultado de la siguiente operación: 2 * 2?'),
       (true, 10, 60, '¿Cuál es el resultado de la siguiente operación: 2 / 2?'),
       (true, 10, 60, '¿Cuál es el resultado de la siguiente operación: 2 - 2?'),
       (true, 10, 60, '¿Cuál es el resultado de la siguiente operación: 2 ^ 2?'),
       (true, 10, 60, '¿Cuál es el resultado de la siguiente operación: 2 % 2?'),
       (true, 10, 60, '¿Cuál es el resultado de la siguiente operación: 2 + 2 * 2?'),
       (true, 10, 60, '¿Cuál es el resultado de la siguiente operación: 2 + 2 / 2?'),
       (true, 10, 60, '¿Cuál es el resultado de la siguiente operación: 2 + 2 - 2?'),
       (true, 10, 60, '¿Cuál es el resultado de la siguiente operación: 2 + 2 ^ 2?'),
       (true, 10, 60, '¿Cuál es el resultado de la siguiente operación: 2 + 2 % 2?'),
       (true, 10, 60, '¿Cuál es el resultado de la siguiente operación: 2 * 2 / 2?'),
       (true, 10, 60, '¿Cuál es el resultado de la siguiente operación: 2 * 2 - 2?'),

       (true, 10, 60, '¿Cuál es el resultado de la siguiente operación: 2 * 2 ^ 2?'),
       (true, 10, 60, '¿Cuál es el resultado de la siguiente operación: 2 * 2 % 2?'),
       (true, 10, 60, '¿Cuál es el resultado de la siguiente operación: 2 / 2 - 2?'),
       (true, 10, 60, '¿Cuál es el resultado de la siguiente operación: 2 / 2 ^ 2?'),
       (true, 10, 60, '¿Cuál es el resultado de la siguiente operación: 2 / 2 % 2?'),
       (true, 10, 60, '¿Cuál es el resultado de la siguiente operación: 2 - 2 ^ 2?'),
       (true, 10, 60, '¿Cuál es el resultado de la siguiente operación: 2 - 2 % 2?'),
       (true, 10, 60, '¿Cuál es el resultado de la siguiente operación: 2 ^ 2 % 2?'),
       (true, 12, 60, '¿Cuál es la integral de la siguiente función: x^2?'),
       (true, 12, 60, '¿Cuál es la integral de la siguiente función: x*ln(x)?'),
       (true, 12, 60, '¿Cuál es la integral de la siguiente función: x^2 + 2x + 1?'),
       (true, 12, 60, '¿Cuál es la integral de la siguiente función: 1/x^5 + 1'),
       (true, 12, 60, '¿Cuál es la integral de la siguiente función: 1/x^2 + 1'),
       (true, 12, 60, '¿Cuál es la integral de la siguiente función: 1/x^3 + 1'),
       (true, 12, 60, '¿Cuál es la integral de la siguiente función: 1/x^4 + 1'),
       (true, 12, 60, '¿Cuál es la integral de la siguiente función: 1/x^5 + 1'),
       (true, 12, 60, '¿Cuál es la derivada de la siguiente función: x^2?'),
       (true, 12, 60, '¿Cuál es la derivada de la siguiente función: x*ln(x)?'),
       (true, 12, 60, '¿Cuál es la derivada de la siguiente función: x^2 + 2x + 1?'),
       (true, 12, 60, '¿Cuál es la derivada de la siguiente función: 1/x^5 + 1'),
       (true, 12, 60, '¿Cuál es la derivada de la siguiente función: 1/x^2 + 1'),
       (true, 12, 60, '¿Cuál es la derivada de la siguiente función: 1/x^3 + 1'),
       (true, 12, 60, '¿Cuál es la derivada de la siguiente función: 1/x^4 + 1'),
       (true, 16, 60, '¿Cuál es la velocidad de la luz?'),
       (true, 16, 60, '¿Cuál es la velocidad de la luz en el vacío?'),
       (true, 16, 60, '¿Cuál es la velocidad de la luz en el agua?'),
       (true, 16, 60, '¿Cuál es la velocidad de la luz en el aire?'),
       (true, 16, 60, '¿Cuál es la velocidad de la luz en el vidrio?'),
       (true, 16, 60, '¿Cuál es la aceleración de la gravedad?'),
       (true, 16, 60, '¿Cuál es la aceleración de la gravedad en la tierra?'),
       (true, 16, 60, '¿Cuál es la aceleración de la gravedad en la luna?'),
       (true, 16, 60, '¿Cuál es la aceleración de18la gravedad en marte?'),
       (true, 16, 60, '¿Cuál es la aceleración de la gravedad en jupiter?'),
       (true, 16, 60, '¿Cuál es la aceleración de la gravedad en saturno?'),
       (true, 18, 60, '¿Cuál es la desintegración del uranio 435 a plomo con una temperatura constante?'),
       (true, 18, 60, '¿Cuál es la desintegración del uranio 435 a plomo con una temperatura variable?'),
       (true, 18, 60, '¿Cuál es la desintegración del plomo a fluor con una temperatura variable?'),
       (true, 18, 60, '¿Cuál es la desintegración del plomo a fluor con una temperatura constante?'),
       (true, 20, 60, '¿Cuál es la masa atómica del hidrógeno?'),
       (true, 20, 60, '¿Cuál es la masa atómica del helio?'),
       (true, 20, 60, '¿Cuál es la masa atómica del litio?'),
       (true, 20, 60, '¿Cuál es la masa atómica del berilio?'),
       (true, 20, 60, '¿Cuál es la masa atómica del boro?'),
       (true, 20, 60, '¿Cuál es la masa atómica del carbono?'),
       (true, 20, 60, '¿Cuál es la masa atómica del nitrógeno?'),
       (true, 20, 60, '¿Cuál es la masa atómica del oxígeno?'),
       (true, 22, 60, '¿Cuál es la masa atómica del flúor si se encuentra a una presion de 25 kilopacales?'),
       (true, 22, 60, '¿Cuál es la masa atómica del flúor si se encuentra a una presion de 50 kilopacales?'),
       (true, 22, 60, '¿Cuál es la masa atómica del flúor si se encuentra a una presion de 75 kilopacales?'),
       (true, 22, 60, '¿Cuál es la masa atómica del flúor si se encuentra a una presion de 100 kilopacales?'),
       (true, 22, 60, '¿Cuál es la masa atómica del flúor si se encuentra a una presion de 125 kilopacales?'),
       (true, 22, 60, '¿Cuál es la masa atómica del flúor si se encuentra a una presion de 150 kilopacales?'),
       (true, 22, 60, '¿Cuál es la masa atómica del flúor si se encuentra a una presion de 175 kilopacales?'),
       (true, 22, 60, '¿Cuál es la masa atómica del flúor si se encuentra a una presion de 200 kilopacales?'),
       (true, 28, 60, '¿Cuál es la masa de un elefante?'),
       (true, 28, 60, '¿Cuál es la masa de un ratón?'),
       (true, 28, 60, '¿Cuál es la masa de un perro?'),
       (true, 28, 60, '¿Cuál es la masa de un gato?'),
       (true, 28, 60, '¿Cuál es la masa de un león?'),
       (true, 36, 60, '¿Cuál es la masa de un elefante si se encuentra a una presion de 25 kilopacales?'),
       (true, 36, 60, '¿Cuál es la masa de un elefante si se encuentra a una presion de 50 kilopacales?'),
       (true, 36, 60, '¿Cuál es la masa de un elefante si se encuentra a una presion de 75 kilopacales?'),
       (true, 36, 60, '¿Cuál es la masa de un elefante si se encuentra a una presion de 100 kilopacales?'),
       (true, 36, 60, '¿Cuál es la masa de un elefante si se encuentra a una presion de 125 kilopacales?'),
       (true, 38, 60, '¿Cuál es la fecha de la independencia de México?'),
       (true, 38, 60, '¿Cuál es la fecha de la independencia de Estados Unidos?'),
       (true, 38, 60, '¿Cuál es la fecha de la independencia de Argentina?'),
       (true, 38, 60, '¿Cuál es la fecha de la independencia de Brasil?'),
       (true, 40, 60, '¿Cuándo fue la primera guerra mundial?'),
       (true, 40, 60, '¿Cuándo fue la segunda guerra mundial?'),
       (true, 40, 60, '¿Cuándo fue la guerra de los 100 años?'),
       (true, 40, 60, '¿Cuándo fue la guerra de los 30 años?'),
       (true, 40, 60, '¿Cuándo fue la guerra de los 7 años?'),
       (true, 42, 60, '¿Cuál es la capital de México?'),
       (true, 42, 60, '¿Cuál es la capital de Estados Unidos?'),
       (true, 42, 60, '¿Cuál es la capital de Argentina?'),
       (true, 42, 60, '¿Cuál es la capital de Brasil?'),
       (true, 44, 60, '¿Cuál es el lenguaje de programación más usado?'),
       (true, 44, 60, '¿Cuál es el lenguaje de programación más usado en la web?'),
       (true, 44, 60, 'Mencione frameworks de JavaScript'),
       (true, 44, 60, 'Mencione frameworks de PHP'),
       (true, 44, 60, 'Mencione frameworks de Python'),
       (true, 44, 60, 'Mencione frameworks de Java'),
       (true, 44, 60, 'Mencione frameworks de C#'),
       (true, 44, 60, 'Mencione frameworks de C++'),
       (true, 44, 60, 'Mencione frameworks de C'),
       (true, 44, 60, 'Mencione frameworks de Ruby'),
       (true, 44, 60, 'Mencione frameworks de Perl'),
       (true, 44, 60, 'Mencione frameworks de Go'),
       (true, 46, 60, '¿Cuál es la filosofía de la vida?'),
       (true, 46, 60, '¿Cuál es la filosofía de la muerte?'),
       (true, 46, 60, '¿Cuál es la filosofía de la existencia?'),
       (true, 46, 60, '¿Cuál es la filosofía de la no existencia?'),
       (true, 46, 60, '¿Cuál es la filosofía de la existencia de la existencia?'),
       (true, 46, 60, '¿Cuál es la filosofía de la existencia de Kant?'),
       (true, 48, 60, '¿Cuál es la psicologia de Freud?'),
       (true, 48, 60, '¿Cuál es la psicologia de Jung?'),
       (true, 48, 60, '¿Cuál es la psicologia de Adler?'),
       (true, 48, 60, '¿Cuál es la psicologia de Lacan?'),
       (true, 48, 60, '¿Cuál es la psicologia de Skinner?'),
       (true, 50, 60, '¿Cuál es el ciclo de vida del software?'),
       (true, 50, 60, '¿Cuál es el ciclo de vida del software de cascada?'),
       (true, 50, 60, '¿Cuál es el ciclo de vida del software de espiral?'),
       (true, 50, 60, '¿Cuál es el ciclo de vida del software de prototipos?'),
       (true, 50, 60, '¿Cuál es el ciclo de vida del software de iterativo?'),
       (true, 50, 60, '¿Cuál es el ciclo de vida del software de incremental?'),
       (true, 52, 60, '¿Cuál es la obra de Homero?'),
       (true, 52, 60, '¿Cuál es la obra de Virgilio?'),
       (true, 52, 60, '¿Cuál es la obra de Ovidio?'),
       (true, 52, 60, '¿Cuál es la obra de Horacio?'),
       (true, 52, 60, '¿Cuál es la obra de Sófocles?'),
       (true, 52, 60, '¿Cuál es la obra de Esquilo?');

INSERT INTO seleccion_multiple(cantidad_respuestas, id)
VALUES
    (1, 1),
    (1, 2),
    (1, 3),
    (1, 4),
    (1, 5),
    (1, 6),
    (1, 7),
    (1, 8),
    (1, 9),
    (1, 10),
    (1, 11),
    (1, 12);



INSERT INTO respuesta(preg_seleccion_multiple_id, contenido, es_correcta)
    VALUES
           (1, '5', FALSE),
           (1, '4', TRUE),
           (1, '3', FALSE),
           (1, '2', FALSE),
           (1, '1', FALSE),

           (2, '5', FALSE),
           (2, '4', TRUE),
           (2, '3', FALSE),
           (2, '2', FALSE),
           (2, '1', FALSE),

           (3, '5', FALSE),
           (3, '4', FALSE),
           (3, '3', FALSE),
           (3, '2', FALSE),
           (3, '1', TRUE),

           (4, '5', FALSE),
           (4, '4', FALSE),
           (4, '3', FALSE),
           (4, '2', FALSE),
           (4, '0', TRUE),

           (5, '5', FALSE),
           (5, '4', TRUE),
           (5, '3', FALSE),
           (5, '2', FALSE),
           (5, '1', FALSE),

           (6, '5', FALSE),
           (6, '4', FALSE),
           (6, '3', FALSE),
           (6, '2', TRUE),
           (6, '1', FALSE),

           (7, '5', FALSE),
           (7, '4', FALSE),
           (7, '3', FALSE),
           (7, '2', FALSE),
           (7, '0', TRUE),

           (8, '5', FALSE),
           (8, '4', FALSE),
           (8, '3', FALSE),
           (8, '6', TRUE),
           (8, '1', FALSE),

           (9, '5', FALSE),
           (9, '4', FALSE),
           (9, '3', TRUE),
           (9, '2', FALSE),
           (9, '1', FALSE),

           (10, '5', FALSE),
           (10, '4', FALSE),
           (10, '3', FALSE),
           (10, '8', FALSE),
           (10, '2', TRUE),

           (11, '5', FALSE),
           (11, '4', FALSE),
           (11, '3', FALSE),
           (11, '2', TRUE),
           (11, '1', FALSE),

           (12, '5', FALSE),
           (12, '4', FALSE),
           (12, '3', FALSE),
           (12, '2', TRUE);











